{"scanette_100043-steps": [[2, 1.2660907676400934], [3, 0.8854865860487235], [4, 0.7625315537197939]], "spree_5000_session_wo_responses_agilkia": [[2, 1.0202785479724947], [3, 0.9131162398866091], [4, 0.8183105362086217]], "teaming_execution": [[2, 0.7749778925211829], [3, 1.0251201970036972], [4, 1.0805776562122318]]}