{"scanette_100043-steps": {"best_nb_of_clusters": 11, "usage_coverage_by_clusters": [[2, 0.8431942588440529, 0.06163769661124398], [3, 0.8599592393583414, 0.05336560495254386], [4, 0.9076120078949281, 0.02459651057779091], [5, 0.9126662715475066, 0.018983232950000324], [6, 0.9126357989141678, 0.02455642415896922], [7, 0.9218016315439281, 0.0234034386171654], [8, 0.9351441718991998, 0.027094753019651044], [9, 0.941046357541837, 0.0198001638545385], [10, 0.9374122863421098, 0.013451029787577583], [11, 0.9505216691175238, 0.017096627052837328], [12, 0.9630344592365627, 0.014331158737069699], [13, 0.9612525090998552, 0.015358957356539964], [14, 0.9573153889594015, 0.012846967716757854], [15, 0.963554730526869, 0.01621491944751198], [16, 0.9694759266196624, 0.010729893964898162], [17, 0.9620805819434272, 0.01159735856298715], [18, 0.9722461405990528, 0.011638108076279546], [19, 0.9733898428283076, 0.014661379143081393]]}, "spree_5000_session_wo_responses_agilkia": {"best_nb_of_clusters": 12, "usage_coverage_by_clusters": [[2, 0.7145792482987032, 0.07908523834996442], [3, 0.8104178681474402, 0.09389668914060405], [4, 0.8549712468486875, 0.06455152391690087], [5, 0.8545214124470661, 0.09565409361476444], [6, 0.9153133187233271, 0.053329707619705284], [7, 0.9415237247826349, 0.0402221977275258], [8, 0.9268508296396382, 0.052421055833741945], [9, 0.9428471386907018, 0.05205413894827574], [10, 0.9450776362547854, 0.08051457326825798], [11, 0.948253115611286, 0.04548910189802211], [12, 0.9715445412952375, 0.016605465199747316], [13, 0.9632984011380425, 0.023640757332548393], [14, 0.9778257454673279, 0.00916447566468253], [15, 0.982458106081827, 0.00860935627260364], [16, 0.9867609176841492, 0.007322922412001848], [17, 0.9717073934320881, 0.034627454451921356], [18, 0.9749496064635547, 0.036687235500337124], [19, 0.9783862534122054, 0.027177411870552445]]}, "teaming_execution": {"usage_coverage_by_clusters": [[2, 0.06273435180744902, 0.05769416868532456], [7, 0.15303372839167867, 0.0738416506291994], [12, 0.23823160010047728, 0.04246380693979868], [17, 0.2626589938571853, 0.04872532995108379], [22, 0.3096389669110091, 0.05839205900326849], [27, 0.33106117695416865, 0.13549951936809132], [32, 0.3486035943458702, 0.06428987381950256], [37, 0.3802379484368934, 0.06956906195048893], [42, 0.37969217419104384, 0.05461967659477694], [47, 0.43445685186453836, 0.05314462840286844], [52, 0.43222123267338036, 0.07559745123096016], [57, 0.49128131351190885, 0.13097461034786992], [62, 0.5143362791441164, 0.11987739025497308], [67, 0.48355369824849853, 0.11699725428337175], [72, 0.5385284647530315, 0.141687092797088], [77, 0.48583042177616403, 0.07026142397349898], [82, 0.555205407503825, 0.14014763454126575], [87, 0.565118403324884, 0.09515415570267022], [92, 0.5167271813843027, 0.08114188965702418], [97, 0.518049370875294, 0.06486257845064015], [102, 0.5647187778310612, 0.13174582042704436], [107, 0.5447900253476742, 0.04214990981457605], [112, 0.593610559247334, 0.10844764389099212], [117, 0.5838756822178073, 0.12119971046544178]]}}