{"1026-steps": {"best_nb_of_clusters": 9, "usage_coverage_by_clusters": [[2, 0.8199304440877475, 0.06150805528830599], [3, 0.8971107544141252, 0.03587204067992309], [4, 0.9011771000535045, 0.024361451012160213], [5, 0.9286249331193152, 0.019667642365814735], [6, 0.9251471375066881, 0.027189460264055422], [7, 0.9332263242375602, 0.013358409273882366], [8, 0.9439807383627609, 0.01279220028920961], [9, 0.9501337613697164, 0.01859884921263962], [10, 0.9549491706795078, 0.012890044020462734], [11, 0.9623595505617978, 0.013009083102767813], [12, 0.9681647940074907, 0.00855886966342202], [13, 0.9628410914927769, 0.009865307834209521], [14, 0.9733547351524879, 0.004725730276471041], [15, 0.9747458533975388, 0.0032987240060013945], [16, 0.9727394328517924, 0.009731398841184914], [17, 0.9758962011771001, 0.010028396358717336], [18, 0.9787586944890316, 0.00834739539786257], [19, 0.9770197966827181, 0.009195287511032253]]}, "teaming_execution_small": {"best_nb_of_clusters": 82, "usage_coverage_by_clusters": [[2, 0.0954736049887109, 0.061425790306520574], [12, 0.5906569186109021, 0.056171563232325014], [22, 0.7392538436727234, 0.0358319816421551], [32, 0.812600795613375, 0.02588299698604877], [42, 0.8618858187291689, 0.020158235454957374], [52, 0.8908719492527685, 0.014956356296911846], [62, 0.9094828513063111, 0.010433166444083037], [72, 0.9261369745188689, 0.011499616778514958], [82, 0.9508224922051393, 0.006820084381667652], [92, 0.9576497150843996, 0.007948777010168374], [102, 0.9588753897430384, 0.010408121079619656], [112, 0.9619180733254489, 0.007790851598421981]]}}