{"scanette_100043-steps": {"best_nb_of_clusters": 8, "usage_coverage_by_clusters": [[2, 0.8670369976907895, 0.020322380403347433], [3, 0.8777647624532426, 0.015862250591176335], [4, 0.9104892954391693, 0.007975306049056413], [5, 0.9312624057165542, 0.01097657788412223], [6, 0.9485451414321578, 0.011588572793699426], [7, 0.9455870594747524, 0.013937790703942875], [8, 0.9597750057310916, 0.010195045669207441], [9, 0.9656987179128762, 0.007757123165451907], [10, 0.9703920625779289, 0.004576137631818637], [11, 0.9717619332509547, 0.007743943277441061], [12, 0.9762992803985485, 0.003913562975080314], [13, 0.9786562966524834, 0.005495146429221438], [14, 0.9787155645265, 0.004554445744492996], [15, 0.9795195947419332, 0.005208039145734577], [16, 0.9783378716123657, 0.003945001641789095], [17, 0.9806319856415189, 0.004542400502467821], [18, 0.9832003533707205, 0.003035182392724557], [19, 0.983933933094398, 0.004519084822572944]]}, "spree_5000_session_wo_responses_agilkia": {"best_nb_of_clusters": 6, "usage_coverage_by_clusters": [[2, 0.7868474242998457, 0.0461528017282975], [3, 0.8818852400489929, 0.05401604211769646], [4, 0.928934677893303, 0.022139146716383007], [5, 0.9474594517402934, 0.018038157403027225], [6, 0.961446061065432, 0.009736439376288658], [7, 0.9687510641686852, 0.016930214791371582], [8, 0.9783093586426975, 0.010006719081683609], [9, 0.9841140898680156, 0.007749292858551629], [10, 0.9861507027632684, 0.008378995308265302], [11, 0.9881041045329466, 0.007113267230198866], [12, 0.9868622540053936, 0.007911904523331348], [13, 0.9920586926790687, 0.0023875574737828166], [14, 0.9934422492818578, 0.003939766146651014], [15, 0.9909088412507483, 0.008236744741250109], [16, 0.9938547347954324, 0.0030412020848243747], [17, 0.9930739782607502, 0.0056005755459610975], [18, 0.9950520962063416, 0.0021693969830459832], [19, 0.9951918799123399, 0.0019128562576012254]]}, "teaming_execution": {"best_nb_of_clusters": 92, "usage_coverage_by_clusters": [[2, 0.060868671644858534, 0.031127409923847913], [7, 0.17962823411203216, 0.04880530057972862], [12, 0.26246717362015026, 0.06449001826429356], [17, 0.3307209243908566, 0.04311035017284345], [22, 0.34424653467607497, 0.04971762566131719], [27, 0.3784339247790642, 0.03463701153948613], [32, 0.37272955630152316, 0.03656804889731159], [37, 0.39042040601950173, 0.05239677851380498], [42, 0.37397182069374985, 0.025753271661153352], [47, 0.3764563494782033, 0.03905532030321733], [52, 0.5031444817428239, 0.1905054386963343], [57, 0.49205772875705056, 0.17200279296791138], [62, 0.4789682811536617, 0.17741581949837498], [67, 0.6523555068393049, 0.2069583400031869], [72, 0.770142266675801, 0.12633555518202202], [77, 0.8342878673700075, 0.050292727460646634], [82, 0.8873878194149483, 0.05573657207307928], [87, 0.9481171930305314, 0.008789411071818357], [92, 0.9541161425863762, 0.014901181045865483], [97, 0.9643465552282433, 0.0071979256129554876], [102, 0.9611312826836564, 0.011270628208574903], [107, 0.9693841200246626, 0.007194745273612683], [112, 0.9695873581329497, 0.003993489043858176], [117, 0.9704688177936106, 0.00426463970344302]]}}