{"scanette_100043-steps": {"best_nb_of_clusters": 7, "usage_coverage_by_clusters": [[2, 0.8640113727222406, 0.017406149081234085], [3, 0.8800195695810432, 0.024391851141304877], [4, 0.9024497760680797, 0.01682436948568158], [5, 0.9302284049673188, 0.013603157425610956], [6, 0.9453060402909718, 0.012705143716248464], [7, 0.9502950533690432, 0.01110266351250867], [8, 0.9605648899350849, 0.007926797811391108], [9, 0.9640933413102674, 0.008688098232151182], [10, 0.9701112111334143, 0.007034831091793861], [11, 0.9747804013441507, 0.005817283496253397], [12, 0.9766722766132324, 0.005554226524060905], [13, 0.9792100039698293, 0.0045433977354837505], [14, 0.9801098133061968, 0.004463472123515259], [15, 0.9796691622541921, 0.005324006884346207], [16, 0.9809303378827949, 0.00490411497447762], [17, 0.9831707194337123, 0.004395623847527005], [18, 0.9834215455495977, 0.004006657530687671], [19, 0.9841654691946838, 0.004401751180763985]]}, "spree_5000_session_wo_responses_agilkia": {"best_nb_of_clusters": 6, "usage_coverage_by_clusters": [[2, 0.7748659559392971, 0.05920663030040958], [3, 0.8792083134230805, 0.0488294618406433], [4, 0.9328103939758441, 0.029933757646966326], [5, 0.9427657950095295, 0.019306314923800034], [6, 0.9606529464427931, 0.018333761080678242], [7, 0.9695351711183245, 0.014380179000350372], [8, 0.9702164587761648, 0.015251454093386798], [9, 0.9791740403258141, 0.01145891607837617], [10, 0.9843130276216997, 0.010536662350572174], [11, 0.9875109712358637, 0.005970204245756226], [12, 0.9869782003328446, 0.0075434056697612824], [13, 0.9907940483448401, 0.003959565068474585], [14, 0.9913450542931997, 0.003887959029695012], [15, 0.9928009469041617, 0.003476069158434346], [16, 0.9936313554900119, 0.004007264262179375], [17, 0.9950373214256291, 0.002462161450187523], [18, 0.9948057583197394, 0.003176659359796899], [19, 0.9952054463466746, 0.0024792221371483414]]}, "teaming_execution": {"best_nb_of_clusters": 92, "usage_coverage_by_clusters": [[2, 0.08029092735950309, 0.040105870609852406], [7, 0.17659153707382796, 0.04102353367915184], [12, 0.2724500468132721, 0.0698521760151638], [17, 0.30614509830787145, 0.041031493001037846], [22, 0.3384572172364184, 0.0683941503762498], [27, 0.35250713616953255, 0.033683770182257405], [32, 0.37226370715443813, 0.04201121359133248], [37, 0.3814107921719075, 0.08313750808525174], [42, 0.39817085702541616, 0.08736910418208914], [47, 0.38516909867324334, 0.03738017281152665], [52, 0.41968303989404215, 0.10789145936306846], [57, 0.4416565047612523, 0.1310360992778335], [62, 0.46493069352149985, 0.1490914489822545], [67, 0.6499467927199652, 0.18759844447429977], [72, 0.7277399465643626, 0.1570975174369961], [77, 0.8315105843666507, 0.03873598703978452], [82, 0.8751122376744079, 0.04160075448896926], [87, 0.9484697768947957, 0.015512127207429505], [92, 0.956652280148889, 0.013594322897975459], [97, 0.964104496357699, 0.008759939927981512], [102, 0.9616692927770547, 0.010099485611860382], [107, 0.9637633303646869, 0.009923952514422702], [112, 0.9702966362951291, 0.0054386353075786065], [117, 0.9694092393414172, 0.00569200087446041]]}}