{"scanette_100043-steps": {"best_nb_of_clusters": 11, "usage_coverage_by_clusters": [[2, 0.8126110853289646, 0.08356980642000675], [3, 0.8691044400583733, 0.05645876889614278], [4, 0.8851863862811645, 0.0578474051652664], [5, 0.9107959787306611, 0.033320122159456345], [6, 0.9199455965646999, 0.0366422899143735], [7, 0.9312542983186934, 0.019802663978907526], [8, 0.9343890097232861, 0.032862132418042075], [9, 0.9343715648396133, 0.022039444607851174], [10, 0.9453999183668905, 0.018494985847806338], [11, 0.9564243579779591, 0.013458250236910016], [12, 0.9545381299308355, 0.01445383910995735], [13, 0.9597757885143333, 0.0133949058445437], [14, 0.9618853334377044, 0.013592114197194666], [15, 0.9645997461545773, 0.0140503603004467], [16, 0.9628903152939071, 0.013995211020916646], [17, 0.9681857880111155, 0.013321674784625398], [18, 0.966844097534792, 0.012145792879285907], [19, 0.9712495457061543, 0.01192665975333921]], "time": 49.18240737915039}, "spree_5000_session_wo_responses_agilkia": {"best_nb_of_clusters": 12, "usage_coverage_by_clusters": [[2, 0.7358711353512718, 0.0926935715759255], [3, 0.7794866175638638, 0.09729384210457456], [4, 0.8279630026308996, 0.0801410766932476], [5, 0.8581211861567445, 0.0771561744898853], [6, 0.8962024419581802, 0.06303635177333133], [7, 0.9154351420081618, 0.05619076491553727], [8, 0.9308606172452998, 0.055039774636077586], [9, 0.9299088247732977, 0.06366401664699377], [10, 0.9454806746966776, 0.04182448096814119], [11, 0.9458469134988768, 0.04898840675050309], [12, 0.9525056709892512, 0.050995715601817766], [13, 0.9736671664826685, 0.022767710965430184], [14, 0.9658339512377312, 0.03376853334123078], [15, 0.9705587503501458, 0.03435346236491148], [16, 0.9723093147028292, 0.032623686880718754], [17, 0.9791376251599686, 0.01978664379404066], [18, 0.9827876550940039, 0.01980078839883415], [19, 0.9815843068760401, 0.024710729268418097]], "time": 41.678457260131836}, "teaming_execution": {"usage_coverage_by_clusters": [[2, 0.06925623986663926, 0.03890954276762722], [7, 0.16456303806718275, 0.04759215991711147], [12, 0.23042451645315248, 0.05273609698054181], [17, 0.27842707405631295, 0.06491118630723888], [22, 0.2980954990751524, 0.0669547504024468], [27, 0.3607252631819324, 0.09148041982186211], [32, 0.3748048685803019, 0.09395494961282404], [37, 0.3820246169304195, 0.07893793255597965], [42, 0.404295859879884, 0.08063319244919676], [47, 0.45371194994405245, 0.09847934240281131], [52, 0.4582932566052385, 0.09090442693827902], [57, 0.4665616222511475, 0.10001041112466458], [62, 0.4988979470667489, 0.09837596573986472], [67, 0.49054828617752505, 0.08805290517747884], [72, 0.510307140736681, 0.09973974769575561], [77, 0.49867644036445846, 0.06940974946947365], [82, 0.5339544655294467, 0.10748294677937319], [87, 0.5437660706537873, 0.13009715845447506], [92, 0.5566778561804937, 0.11184243618679662], [97, 0.5523829097303099, 0.10683079545055951], [102, 0.5613815624215022, 0.08316704599531191], [107, 0.5655737480304172, 0.06315984437674031], [112, 0.6058075860336599, 0.11712834614509958], [117, 0.6089790139526386, 0.12162772999497283]], "time": 35.9426589012146}}