{"1026-steps": {"best_nb_of_clusters": 6, "usage_coverage_by_clusters": [[2, 0.8635634028892456, 0.0], [3, 0.9151417870518994, 0.006937045696463547], [4, 0.9322899946495452, 0.0026225416657362026], [5, 0.9395398608881755, 0.0], [6, 0.9601391118245051, 0.0], [7, 0.9670947030497592, 0.0], [8, 0.9689673622257892, 0.0], [9, 0.9697164258962012, 0.000898848094763976], [10, 0.9727126805778491, 0.0032053149198522247], [11, 0.9784376672017121, 0.0033631816133613698], [12, 0.9815944355270197, 0.0026477394057279136], [13, 0.9821027287319422, 0.003865371867060279], [14, 0.9847779561262707, 0.0035027435155533947], [15, 0.9857142857142858, 0.002057588252161879], [16, 0.989111824505083, 0.0006913161206818217], [17, 0.9898608881754949, 0.0007920962365329929], [18, 0.9915195291599785, 0.0008177818097456749], [19, 0.9919743178170144, 0.0]]}, "teaming_execution_small": {"best_nb_of_clusters": 72, "usage_coverage_by_clusters": [[2, 0.22043866250940758, 0.048881926024683976], [12, 0.6028921621331039, 0.09425628694748633], [22, 0.7487797011074078, 0.025709838650547562], [32, 0.7733899580690249, 0.01659091813492442], [42, 0.783636168153962, 0.06921898003375956], [52, 0.8325771422427696, 0.03125037193816356], [62, 0.8790667670142995, 0.026290900033156324], [72, 0.9507257284162993, 0.003989528350280181], [82, 0.9558757122890011, 0.001142566349196017], [92, 0.9583808192667456, 3.399932975129772e-05], [102, 0.9619395763896356, 0.0], [112, 0.962154607031502, 0.0]]}}