{"1026-steps": {"best_nb_of_clusters": 10, "usage_coverage_by_clusters": [[2, 0.8485553772070626, 0.025942334779073123], [3, 0.897003745318352, 0.026421773955538172], [4, 0.9046281433921883, 0.024042425352580887], [5, 0.8951043338683788, 0.04235381506537199], [6, 0.9270465489566613, 0.02076670813135903], [7, 0.9489299090422686, 0.01309037238241056], [8, 0.9349117174959871, 0.013638733838969588], [9, 0.945398608881755, 0.025319974808346163], [10, 0.9577581594435527, 0.013950255635682106], [11, 0.9569823434991974, 0.006999809146016554], [12, 0.9589887640449438, 0.015004106908218512], [13, 0.9625468164794008, 0.010502894142561423], [14, 0.9630016051364366, 0.01301763805263053], [15, 0.9728999464954521, 0.00865224586217413], [16, 0.97223113964687, 0.010603714110739538], [17, 0.9745853397538791, 0.007775053406719211], [18, 0.9759764579989298, 0.007354361812622605], [19, 0.9724986623863028, 0.010216426873430759]]}, "teaming_execution_small": {"usage_coverage_by_clusters": [[2, 0.11379421567573379, 0.05489815530227207], [12, 0.3845715514460811, 0.09866299120196242], [22, 0.484668315234921, 0.09071485095501886], [32, 0.5162563165251048, 0.06982551594903944], [42, 0.6377486291796581, 0.0929270654074857], [52, 0.6181700892377163, 0.11377020210934612], [62, 0.7043113643694227, 0.0605489531616345], [72, 0.6622083646919686, 0.09632180467053522], [82, 0.6959359208687238, 0.1265291699253025], [92, 0.7556176755187615, 0.11264058848231592], [102, 0.7856467046554134, 0.06779856331275654], [112, 0.7605633802816901, 0.0717557534720926]]}}