{"scanette_100043-steps": {"best_nb_of_clusters": 12, "usage_coverage_by_clusters": [[2, 0.8889733797784724, 0.0], [12, 0.964606082971296, 0.002627708956272381], [22, 0.9654261416054885, 0.00322965369548258], [32, 0.976082244425931, 0.004522757464675103], [42, 0.9822662320355905, 0.005512165932256281]]}, "spree_5000_session_wo_responses_agilkia": {"best_nb_of_clusters": 12, "usage_coverage_by_clusters": [[2, 0.8984329944470991, 0.0], [12, 0.991173578957197, 0.0], [22, 0.9960847746525546, 0.0006758731049855206], [32, 0.996326443928151, 0.0012269657893968216], [42, 0.9980428450332387, 0.0011528340023752403]]}, "teaming_execution": {"best_nb_of_clusters": 82, "usage_coverage_by_clusters": [[2, 0.46455512167644797, 0.017627304923535182], [22, 0.7556499432912395, 0.035259231910649634], [42, 0.8114300503147527, 0.012299232830875046], [62, 0.8224444901159295, 0.0018832681746689017], [82, 0.9564065675595442, 0.011351615212538331]]}}