{"scanette_100043-steps": {"best_nb_of_clusters": 6, "usage_coverage_by_clusters": [[2, 0.8889733797784724, 0.0], [3, 0.8900452336887541, 0.0003609119849531344], [4, 0.9301121057428334, 0.002565129688361873], [5, 0.9453515535451694, 0.002177001192026144], [6, 0.9600556894363401, 0.0], [7, 0.9600556894363401, 0.0], [8, 0.9595211603084166, 0.0002699779793546268], [9, 0.9596948822749917, 0.00033639082886543196], [10, 0.9604903577878545, 0.0009735422099486299], [11, 0.9618901978764209, 0.0018930545667809131], [12, 0.9629330888067588, 0.0016169370642539103], [13, 0.9631653517771975, 0.00166606055064262], [14, 0.9633349361752093, 0.0015336639355745059], [15, 0.9633520455803499, 0.001898002621573909], [16, 0.9632620814206397, 0.0014392123632409298], [17, 0.9641815162511392, 0.002210923311541026], [18, 0.9641508199654457, 0.0023256485651849583], [19, 0.9650033268287773, 0.0029279614500450726]], "time": 6105.4857857227325}, "spree_5000_session_wo_responses_agilkia": {"best_nb_of_clusters": 4, "usage_coverage_by_clusters": [[2, 0.8984329944470991, 0.0], [3, 0.9383029324369601, 0.0], [4, 0.9594237835522088, 0.006407208847134133], [5, 0.9693057500810142, 0.004160335833303163], [6, 0.9849588887607309, 0.003393321516879703], [7, 0.9833257537060532, 0.0038666930689772176], [8, 0.9834393931904188, 0.0028326911647042776], [9, 0.990658548776, 0.0012969548856088843], [10, 0.9907730121328961, 0.0004559075349312674], [11, 0.9910175374999313, 0.00033305780086550027], [12, 0.9908382079124718, 0.0009558709882673114], [13, 0.9900866713902025, 0.0009859169979395922], [14, 0.9909473435603376, 0.0012600208729582766], [15, 0.991956862034306, 0.0015462006910054817], [16, 0.994274470387275, 0.00134009328334061], [17, 0.9948450845018593, 0.0014739696754377985], [18, 0.9956427029609979, 0.000978300524354794], [19, 0.9956053540729511, 0.0009628024286836223]], "time": 10613.582492351532}, "teaming_execution": {"best_nb_of_clusters": 87, "usage_coverage_by_clusters": [[2, 0.4459473407777854, 0.023329974181720784], [7, 0.5732785275513234, 0.049612589139162916], [12, 0.674175515516887, 0.056942630038886236], [17, 0.7282204105866502, 0.04046341508999448], [22, 0.7711949944052431, 0.0197412524268054], [27, 0.783583384713754, 0.013715395583403189], [32, 0.7934968372496631, 0.019331880986277295], [37, 0.8025133018200087, 0.01708433504437691], [42, 0.8106642917494462, 0.013077712686588014], [47, 0.8157657966248772, 0.0137051367836414], [52, 0.8212856523029847, 0.02216718615665922], [57, 0.8282861775250622, 0.0219819731292981], [62, 0.833304103582928, 0.025539674667279133], [67, 0.8572734123450024, 0.03405145840003858], [72, 0.8833787764609167, 0.03291588766992678], [77, 0.9097736977917837, 0.02729349926679289], [82, 0.944279418145281, 0.01909699536850081], [87, 0.9688515905094655, 0.0008526334274962645], [92, 0.9692037176588797, 0.00026881406256932345], [97, 0.969654951930762, 0.0002499129678550209], [102, 0.9699906373455733, 0.00022345857481253004], [107, 0.9708730104359343, 0.00016851970911554846], [112, 0.9710639172432691, 5.1582747739182273e-05], [117, 0.9711063917243269, 1.6659842478792472e-05]], "time": 7968.671429157257}}