{"scanette_100043-steps": {"best_nb_of_clusters": 8, "usage_coverage_by_clusters": [[2, 0.8619113330239476, 0.019120194193120377], [3, 0.8922050444788621, 0.018831776307057176], [4, 0.9191689078496386, 0.015551168191564912], [5, 0.9313738964154119, 0.015169304694275737], [6, 0.9404577045440567, 0.013838211052036977], [7, 0.9478091015325778, 0.014375186898937173], [8, 0.9550772439320321, 0.012709770469648931], [9, 0.9576207862498533, 0.011673374048500062], [10, 0.965764192139738, 0.012154601791430734], [11, 0.9679076763079469, 0.00962092378673268], [12, 0.9712596659752082, 0.009125979822909313], [13, 0.9754800418229903, 0.007465379244950058], [14, 0.9751697241807334, 0.0108593053741076], [15, 0.9788494763739244, 0.00777599882670418], [16, 0.9795618650369865, 0.007929115807629353], [17, 0.9822245581468166, 0.006065904855258073], [18, 0.9813174801089187, 0.0071290904445055975], [19, 0.9810730280851445, 0.007519197833441517]], "time": 5395.186744689941}, "spree_5000_session_wo_responses_agilkia": {"best_nb_of_clusters": 7, "usage_coverage_by_clusters": [[2, 0.7725391751388225, 0.060029504850571964], [3, 0.872917717104143, 0.06380524817031809], [4, 0.9097534973388918, 0.030499133963132464], [5, 0.9258714099754486, 0.03142015707112588], [6, 0.9424986955351601, 0.020802024108862862], [7, 0.9661170887640265, 0.017432310194494583], [8, 0.9724328955823955, 0.012481076354308182], [9, 0.9725350557761703, 0.015856766149953933], [10, 0.9753786792774088, 0.012509680917236018], [11, 0.9782275206380069, 0.012174495861832868], [12, 0.9820071731834984, 0.009202931397237149], [13, 0.9850175484848984, 0.006846283662026058], [14, 0.9881169020195862, 0.006694181817508618], [15, 0.9888689877902092, 0.005540118124593623], [16, 0.9901144084320608, 0.004944797473858216], [17, 0.9917031642197652, 0.005224131956915236], [18, 0.9926367765712623, 0.004174934802672017], [19, 0.9938234276392757, 0.003577875409527564]], "time": 9581.258021116257}, "teaming_execution": {"best_nb_of_clusters": 77, "usage_coverage_by_clusters": [[2, 0.10130437761183805, 0.07417658506068889], [7, 0.3396542668584869, 0.07339920291053179], [12, 0.6921933730675253, 0.037128875802068126], [17, 0.7866324130529104, 0.03011291535230931], [22, 0.8214012011600558, 0.016827139449086512], [27, 0.8402516498823959, 0.015972078838819955], [32, 0.8746148752026672, 0.008146580633440589], [37, 0.8915051037884497, 0.009915955639006413], [42, 0.8991687789728483, 0.008454203857057528], [47, 0.909144801443219, 0.008395454199739298], [52, 0.9201813157954831, 0.008534396863550536], [57, 0.930405334429449, 0.008212431470863051], [62, 0.9358306501335891, 0.008001362259539836], [67, 0.9401995843894865, 0.008156527925136554], [72, 0.9454116142586376, 0.006846034755770451], [77, 0.9507707063095157, 0.007012930813651992], [82, 0.9547509762279921, 0.005551391633526541], [87, 0.9589404215478067, 0.007218918254383427], [92, 0.9631737114932292, 0.004495380468493086], [97, 0.965090087004179, 0.00638517843681622], [102, 0.9682400493252038, 0.005582622073431519], [107, 0.9692662875933411, 0.00541703484675561], [112, 0.9708606791349821, 0.00542382405621259], [117, 0.9734872462378115, 0.004873731095496912]], "time": 6965.206771850586}}