{"1026-steps": {"best_nb_of_clusters": 7, "usage_coverage_by_clusters": [[2, 0.8858569645086499, 0.016034263525929772], [3, 0.8937934724451578, 0.0454812261370892], [4, 0.9027108970929196, 0.012622802795247464], [5, 0.9291064740502942, 0.01717779321206917], [6, 0.9496165507401463, 0.012434292699796188], [7, 0.9599607633315499, 0.0026796823972385776], [8, 0.9526484751203852, 0.021356626978348885], [9, 0.9660246120920278, 0.004702620607610201], [10, 0.9686998394863563, 0.002579895869714574], [11, 0.9700374531835206, 0.005885500267522713], [12, 0.9755662564651328, 0.008752260358348451], [13, 0.9728018548243268, 0.00857047554522602], [14, 0.9696807561976102, 0.021529071482317804], [15, 0.9765471731763866, 0.0012063268466620542], [16, 0.9843945068664169, 0.0018979665287847986], [17, 0.9826110219368646, 0.004178838777906184], [18, 0.9759229534510433, 0.008293204922418418], [19, 0.9827001961833423, 0.001935307153041788]]}}