{"scanette_100043-steps": {"best_nb_of_clusters": 11, "usage_coverage_by_clusters": [[2, 0.8596943790571935, 0.020452601052424118], [3, 0.8806489832204821, 0.015622692310126585], [4, 0.8933441618348439, 0.0160534735092151], [5, 0.9074941990170479, 0.016413954947730524], [6, 0.9137131882202305, 0.013053937348673036], [7, 0.9207567836554859, 0.012030632777711936], [8, 0.922976477363586, 0.011240468790250974], [9, 0.9270342579494434, 0.009909521984841706], [10, 0.9493756185385437, 0.009420692400817185], [11, 0.9514205279313834, 0.00882583158274466], [12, 0.9505582362775302, 0.011276603678204527], [13, 0.9494792254918955, 0.008126448681535342], [14, 0.9489928375333382, 0.008549052236116982], [15, 0.9509996701127768, 0.009963660672984922], [16, 0.9504738634266896, 0.008671524737847661], [17, 0.9505989969191888, 0.010204778513831314], [18, 0.952184524375311, 0.006652023477171297], [19, 0.9514885182472365, 0.012366198277342444]], "time": 1599.2822790145874}, "spree_5000_session_wo_responses_agilkia": {"best_nb_of_clusters": 7, "usage_coverage_by_clusters": [[2, 0.7728661426837373, 0.06384213149946667], [3, 0.808518512415759, 0.04507316085009926], [4, 0.8575377745555207, 0.04038447083945537], [5, 0.9381550747801634, 0.022805279529443556], [6, 0.9470807450004669, 0.017249349433583763], [7, 0.9617071188079114, 0.015172590890433973], [8, 0.969952764641588, 0.011402856101116911], [9, 0.974741496262365, 0.00989703943182557], [10, 0.9846709178489237, 0.007685623147183325], [11, 0.9874579687697386, 0.006186916964811151], [12, 0.9863518924352024, 0.006988722765350486], [13, 0.9883926796179429, 0.006449314910645017], [14, 0.9888407564248326, 0.007422913297576358], [15, 0.989653918612379, 0.006442035565734958], [16, 0.989664079706921, 0.005535908032402698], [17, 0.9904825146786622, 0.00455080118147], [18, 0.991060488721185, 0.0043327829048213995], [19, 0.992201497251012, 0.0034227764648157633]], "time": 1007.9579951763153}, "teaming_execution": {"usage_coverage_by_clusters": [[2, 0.036539928295768534, 0.032635748826329455], [7, 0.17271585485602065, 0.027932015810103156], [12, 0.23616359525929986, 0.04162013425883119], [17, 0.2540261697609098, 0.04829363314046614], [22, 0.2926647027928113, 0.04141129060049658], [27, 0.2889890616793405, 0.04457753252284503], [32, 0.30621725925418464, 0.06666646701848283], [37, 0.3608138658628485, 0.04291072214910611], [42, 0.3961019387545386, 0.040742141656584525], [47, 0.41300586878582357, 0.03778552442697845], [52, 0.4552191089493275, 0.04132237040621106], [57, 0.4445963782512388, 0.043209519038430025], [62, 0.46742709689205547, 0.06603938488514659], [67, 0.5237140051608778, 0.07215849618694699], [72, 0.531299125391062, 0.07557884366078432], [77, 0.5381133109543057, 0.07428322765322407], [82, 0.5487602475394487, 0.07408686524437544], [87, 0.5598721198419767, 0.0717355979621932], [92, 0.5363549587814848, 0.07590797570423397], [97, 0.539529126989564, 0.07594564780351845], [102, 0.5373049256696582, 0.06903180135209278], [107, 0.546537416364093, 0.0768080440167852], [112, 0.5405599324062021, 0.07706837228367974], [117, 0.5333662168025394, 0.0755183229012635]], "time": 4326.904870510101}}