{"scanette_100043-steps": {"best_nb_of_clusters": 12, "usage_coverage_by_clusters": [[2, 0.8766100639832112, 0.01901206670213124], [12, 0.9747598998782958, 0.005847580459843319], [22, 0.9858185769373419, 0.003032629665446803], [32, 0.9943238896126527, 0.0011690527460225702], [42, 0.9946360710245328, 0.0012535083930178745]]}, "spree_5000_session_wo_responses_agilkia": {"best_nb_of_clusters": 12, "usage_coverage_by_clusters": [[2, 0.7198732700965396, 0.01891607150191252], [12, 0.993572878848629, 0.0010248462595658112], [22, 0.9975128203719876, 0.001990739904834017], [32, 0.9985060444781316, 0.0009513419097594921], [42, 0.99915324212149, 0.0006823973333516473]]}, "teaming_execution": {"usage_coverage_by_clusters": [[2, 0.11286185136976395, 0.02939692179644867], [22, 0.34867134038196584, 0.02121230710459219], [42, 0.3750922944592877, 0.045668518168424425], [62, 0.8243474686579434, 0.030938234424875633], [82, 0.8789781766420802, 0.035671449669288834]]}}