{"1026-steps": {"best_nb_of_clusters": 6, "usage_coverage_by_clusters": [[2, 0.8478598180845371, 0.03318241891524804], [3, 0.9104066345639379, 0.020042375616400043], [4, 0.9387105403959337, 0.014300418798658837], [5, 0.9432851792402354, 0.014548799492716194], [6, 0.9507223113964687, 0.01444776913043464], [7, 0.9631621187800963, 0.008817930782728734], [8, 0.9645532370251472, 0.006986675590911009], [9, 0.9691813804173355, 0.003669820908892325], [10, 0.9712145532370251, 0.00786979776712924], [11, 0.9756019261637239, 0.005646638343586218], [12, 0.9798822899946495, 0.0028334406432296124], [13, 0.982557517388978, 0.003941461343766374], [14, 0.9847779561262707, 0.004363983905543673], [15, 0.9885232744783307, 0.0022645694109157412], [16, 0.9890850722311396, 0.0029462609643348407], [17, 0.9910379882289995, 0.0025008567259461605], [18, 0.9917335473515249, 0.0018766889133299308], [19, 0.9919208132691278, 0.0018824005424588925]]}, "teaming_execution_small": {"best_nb_of_clusters": 92, "usage_coverage_by_clusters": [[2, 0.08876464896247716, 0.04231605381717328], [12, 0.439974196322976, 0.07733146202456644], [22, 0.5173314697344371, 0.07814506042756497], [32, 0.5714654338243199, 0.05355528932467493], [42, 0.5880227932480379, 0.07307310862820118], [52, 0.6173959789269972, 0.053257687665889133], [62, 0.655703687775508, 0.07563785906831463], [72, 0.8971078378668961, 0.03938297277886774], [82, 0.941167616385335, 0.01764109137595747], [92, 0.956832598645307, 0.010964600815005603], [102, 0.961756800344049, 0.007712520618255607], [112, 0.9646919686055263, 0.008226963574092977]]}}