{"scanette_100043-steps": {"best_nb_of_clusters": 8, "usage_coverage_by_clusters": [[2, 0.8730996538979809, 0.0], [3, 0.887996913597504, 0.00550071504906356], [4, 0.9107319582441054, 0.007574068416622485], [5, 0.9082326431794419, 0.0], [6, 0.9195283730968583, 0.0017882369883570782], [7, 0.9406753182852574, 0.008006151971268879], [8, 0.9543713411872585, 0.006089809551506422], [9, 0.9568830130445236, 0.010091944258495257], [10, 0.9618952859674922, 0.007217227913202865], [11, 0.960923013268176, 0.008462132463505386], [12, 0.9651915302853245, 0.007057449330082134], [13, 0.9687143344385487, 0.0073040159639286735], [14, 0.9704953899658371, 0.006227009724577947], [15, 0.9721894447271162, 0.00607067201724188], [16, 0.9731215159156607, 0.006690595643636671], [17, 0.975535451693887, 0.007164637127072199], [18, 0.9773594484732931, 0.0052903091663580055], [19, 0.9779534132144994, 0.005343181335221911]], "time": 2345.3879742622375}, "spree_5000_session_wo_responses_agilkia": {"best_nb_of_clusters": 3, "usage_coverage_by_clusters": [[2, 0.9355951380535736, 0.0], [3, 0.9610912466289883, 0.0], [4, 0.9546193434285181, 0.0012046505923871348], [5, 0.9550962008491379, 0.0], [6, 0.9550962008491379, 0.0], [7, 0.9589894928789952, 0.0024525434505599897], [8, 0.9602872568889476, 0.0010703777149866035], [9, 0.9672977530249853, 0.0], [10, 0.9672977530249853, 0.0], [11, 0.9753304003471249, 0.0032038781465163505], [12, 0.9764724524488237, 0.0028010256992943845], [13, 0.9798768035942812, 0.002886415158320867], [14, 0.98359548957252, 0.004029379855815065], [15, 0.9844295781223396, 0.003701420477134262], [16, 0.9855583384138806, 0.002196852542505163], [17, 0.9866710057286603, 0.0014216133703464908], [18, 0.9873993639704065, 0.0017231349022790079], [19, 0.9884610610379695, 0.0022666856632532024]], "time": 2375.4039680957794}, "teaming_execution": {"best_nb_of_clusters": 72, "usage_coverage_by_clusters": [[2, 0.4960836701605353, 0.0], [7, 0.7217802744856249, 0.0012973274528615382], [12, 0.7866821949715695, 0.011207203488894694], [17, 0.8178452193373068, 0.012453427360250844], [22, 0.8593939393939394, 0.010573288526980322], [27, 0.8910981708570254, 0.005117897467708054], [32, 0.9001251398689228, 0.0031240999386266035], [37, 0.9113877280719782, 0.0029646828998683653], [42, 0.9204612819985841, 0.0030161915973454948], [47, 0.9253431070311251, 0.0022985235077406995], [52, 0.93106848439177, 0.002493664831221699], [57, 0.9370656070882145, 0.0028564224798517924], [62, 0.9417190746957137, 0.0020606244747438398], [67, 0.9447274554132128, 0.0020395196261993706], [72, 0.9501102966362951, 0.0023903539512450706], [77, 0.9551807449019205, 0.002028407727883229], [82, 0.9579479801785755, 0.0007062335709783186], [87, 0.9606649768217214, 0.0005534728110611703], [92, 0.962811079902263, 0.0005191428189866591], [97, 0.9648608161494371, 0.0005559678106783545], [102, 0.966619168322258, 0.000765500318293786], [107, 0.9692562398666393, 0.00068375445717461], [112, 0.9707149870978055, 0.0003562008360581482], [117, 0.9714566920143408, 0.00021468522871463322]], "time": 3723.5343339443207}}