{"scanette_100043-steps": {"best_nb_of_clusters": 6, "usage_coverage_by_clusters": [[2, 0.8889733797784724, 0.0], [3, 0.8901643285676744, 0.0], [4, 0.9304748698622861, 0.0], [5, 0.9452652796493131, 0.0022735167793501002], [6, 0.9600556894363401, 0.0], [7, 0.9600556894363401, 0.0], [8, 0.9595211603084166, 0.0002817215866569908], [9, 0.9597884248723784, 0.0003450370684184506], [10, 0.960310653120789, 0.0005588276315191088], [11, 0.9614065496592097, 0.0013885094950239264], [12, 0.9617112759925971, 0.0009445504647569444], [13, 0.9626503363172285, 0.0007200985143546379], [14, 0.9631949298011171, 0.0011128034887073683], [15, 0.9635256557207477, 0.0018847695952767657], [16, 0.9629066978288947, 0.0008268258469183784], [17, 0.9645253817466131, 0.00249816464139389], [18, 0.9641588714502177, 0.002540192551187889], [19, 0.9651026843873882, 0.0030688224849962833]]}, "spree_5000_session_wo_responses_agilkia": {"best_nb_of_clusters": 4, "usage_coverage_by_clusters": [[2, 0.8984329944470991, 0.0], [3, 0.9383029324369601, 0.0], [4, 0.9574387450773616, 0.0], [5, 0.9700000549248353, 0.006038935901703818], [6, 0.9842159754376136, 0.004280805408909481], [7, 0.9831317591875518, 0.0043165009695123775], [8, 0.9821713984412331, 0.000677381561439292], [9, 0.9900429512212537, 0.0013650310665696904], [10, 0.9909022502705048, 0.0004747086296372862], [11, 0.9909305365607166, 0.00039133543696605625], [12, 0.99047081568873, 0.0012929796024352444], [13, 0.9903252648750185, 0.00038758986549125384], [14, 0.9905998890518326, 0.0010780750522833315], [15, 0.9921852944245799, 0.001692370954232322], [16, 0.9934529596247536, 0.0012632221249775583], [17, 0.9938418274591222, 0.001978809519492146], [18, 0.9948392624693108, 0.0014053149992287062], [19, 0.9956936182833792, 0.0005433680678767682]]}, "teaming_execution": {"best_nb_of_clusters": 87, "usage_coverage_by_clusters": [[2, 0.44995318672786644, 0.023913093254031684], [7, 0.5747482359388916, 0.051757520117301094], [12, 0.7, 0.048209969356293556], [17, 0.7377771688246444, 0.019599669454342775], [22, 0.761704459820511, 0.03221302863606148], [27, 0.7795505925875179, 0.01144388476798638], [32, 0.7982073942134229, 0.00978571917950909], [37, 0.798668676212007, 0.003851873015044575], [42, 0.8123975246055125, 0.006952166277446062], [47, 0.8282432463291544, 0.03251307079336845], [52, 0.8301454636797515, 0.03236445272340948], [57, 0.8247767806170218, 0.014011918477525533], [62, 0.8466831084012697, 0.03553501524491135], [67, 0.8603640017355164, 0.03668957915968816], [72, 0.8922449818455848, 0.035342808580935976], [77, 0.9210180174008358, 0.027144126587015767], [82, 0.9447512045854172, 0.022730361563182058], [87, 0.9689822109565893, 2.166388751228648e-05], [92, 0.969359000707908, 0.00026076778193913], [97, 0.9695553880934439, 0.0002656110888851125], [102, 0.9700121029435272, 0.0001544299623565399], [107, 0.9708570254161814, 0.0001751732835652773], [112, 0.9710534128017172, 5.716542472355523e-05], [117, 0.971112785732228, 0.0]]}}