{"scanette_100043-steps": {"best_nb_of_clusters": 11, "usage_coverage_by_clusters": [[2, 0.816322652069623, 0.08655280296193052], [3, 0.8498833093838937, 0.0794549165119953], [4, 0.8979178524900894, 0.04378862674841976], [5, 0.9036993217742342, 0.04625654564132841], [6, 0.9148025429272738, 0.035144402912966645], [7, 0.9203742822157239, 0.048201160100294536], [8, 0.9397288774329183, 0.015776117984265724], [9, 0.9367100179481015, 0.018375506117725465], [10, 0.9445816303138401, 0.0189236989751461], [11, 0.9519711041157625, 0.013021945380339182], [12, 0.9478242539796141, 0.01930568239384806], [13, 0.9598380197820507, 0.01411822505156531], [14, 0.9609236842252403, 0.013379967353794035], [15, 0.9619443776593662, 0.014096037617008401], [16, 0.963756353124703, 0.012620670338645414], [17, 0.9638942348014247, 0.014101378392257115], [18, 0.9675815352615894, 0.013379865109223996], [19, 0.9736985949040811, 0.009916726043506307]]}, "spree_5000_session_wo_responses_agilkia": {"best_nb_of_clusters": 11, "usage_coverage_by_clusters": [[2, 0.6985673405943965, 0.1074301377959984], [3, 0.7899132187601268, 0.09508185952712465], [4, 0.8400429512212537, 0.08412151585414455], [5, 0.8635142557410184, 0.07230886375766057], [6, 0.9039344856563792, 0.05763840972929099], [7, 0.9127818330614554, 0.06259731325533174], [8, 0.9260761697616812, 0.04701364868317725], [9, 0.937991673394959, 0.054017312001018045], [10, 0.9442923758836033, 0.03707771585739348], [11, 0.9514224983110613, 0.04403331260371924], [12, 0.9672073467459781, 0.02700351099108423], [13, 0.9638840097326808, 0.03694377632504513], [14, 0.9721996298066097, 0.02112671849352044], [15, 0.9717083271542893, 0.028291928151519378], [16, 0.9758391690970907, 0.02213550879267856], [17, 0.9785933200415232, 0.026991178027780095], [18, 0.9813055633365739, 0.018580284628223795], [19, 0.9814495762548952, 0.02700271664390239]]}, "teaming_execution": {"usage_coverage_by_clusters": [[2, 0.0530213970907264, 0.0354274466178687], [7, 0.15955196273206823, 0.047337788050714896], [12, 0.22055582197255144, 0.051566378164098155], [17, 0.26206252426297644, 0.055195039694990726], [22, 0.308920554451828, 0.06007282007562938], [27, 0.36698773720627526, 0.08208947601040543], [32, 0.39411020529332513, 0.10634652645587231], [37, 0.3821981685734512, 0.06478513156347346], [42, 0.40589436185517574, 0.07556445200046717], [47, 0.4243260030599895, 0.09551739316325772], [52, 0.4607869196866936, 0.10419361825293831], [57, 0.4562864515539723, 0.08192813383867718], [62, 0.4807942271242949, 0.10124045837242689], [67, 0.5087913041492544, 0.12172212556852265], [72, 0.4992902651229705, 0.09743220580414215], [77, 0.5193405037564797, 0.08679137800240558], [82, 0.510306684021831, 0.06883628422042916], [87, 0.5386001689844945, 0.07655277157030739], [92, 0.5557758443515791, 0.10787555831930885], [97, 0.5560699687150328, 0.08248258206273563], [102, 0.554701194309333, 0.09111345144786867], [107, 0.5479523189696512, 0.07681306705893959], [112, 0.5584179397593113, 0.054998156773152285], [117, 0.5573501404398165, 0.08228864178995966]]}}