{"scanette_100043-steps": [[2, 0.393015895365881], [3, 0.4072200079270699], [4, 0.41318296110172004]], "spree_5000_session_wo_responses_agilkia": [[2, 0.4999342297952657], [3, 0.5537554961547253], [4, 0.5545867767285053]], "teaming_execution": [[2, 0.47020350413731204], [3, 0.4172019897951334], [4, 0.14868222848326595]]}