{"scanette_100043-steps": {"best_nb_of_clusters": 6, "usage_coverage_by_clusters": [[2, 0.8889733797784724, 0.0], [3, 0.8908990824662145, 0.005544230447060114], [4, 0.9288148102589335, 0.005735470064888912], [5, 0.9457829230244508, 0.00211506646481272], [6, 0.9591875828212626, 0.004670419664145279], [7, 0.9600556894363401, 0.0], [8, 0.9595345235366146, 0.00027959344996493897], [9, 0.9599249087218826, 0.0010348232402414344], [10, 0.9604683839439975, 0.0007369865333819901], [11, 0.962133755290776, 0.0022649170736707613], [12, 0.9627693193699713, 0.0018853639951867856], [13, 0.9631557906390307, 0.0021841423425377794], [14, 0.9630927765880715, 0.0010091323511456805], [15, 0.9634080145821335, 0.0015764111545651734], [16, 0.9634130467601161, 0.001687585593643282], [17, 0.9632381506186782, 0.0012963304861374296], [18, 0.9644338520204194, 0.002714899430154215], [19, 0.9642888134683448, 0.0023814236662245396]]}, "spree_5000_session_wo_responses_agilkia": {"best_nb_of_clusters": 4, "usage_coverage_by_clusters": [[2, 0.8984329944470991, 0.0], [3, 0.9383029324369601, 0.0], [4, 0.9598325891018141, 0.005540672283896427], [5, 0.969521000510801, 0.0031836639913709296], [6, 0.9823638550643444, 0.005286800467671307], [7, 0.9833513486793323, 0.003521790910070128], [8, 0.9830761752541647, 0.0025181766148973665], [9, 0.9908907160550786, 0.0], [10, 0.9908427117489715, 0.00045909122178059526], [11, 0.9909953478664447, 0.00033900522195390493], [12, 0.9904076521280627, 0.0011679667464283606], [13, 0.9899075615020844, 0.001048987179646573], [14, 0.9905099770963436, 0.0011950418471894494], [15, 0.9920991173578957, 0.001676697402344421], [16, 0.993781245365717, 0.0015687528790331406], [17, 0.9950889507708701, 0.0011991982049738923], [18, 0.9957373933771634, 0.0008180356805183766], [19, 0.9957568367688818, 0.0006287952156805886]]}, "teaming_execution": {"best_nb_of_clusters": 87, "usage_coverage_by_clusters": [[2, 0.4469201434084629, 0.024651621232895233], [7, 0.5795021808134092, 0.04979017481842161], [12, 0.6763348633280811, 0.05571745638822786], [17, 0.7256258135233267, 0.04348732260036365], [22, 0.7748688086593135, 0.020682843468779306], [27, 0.7776689274051746, 0.024393577672339392], [32, 0.7921285195588135, 0.01059711751071289], [37, 0.8013226462058414, 0.017881031878955393], [42, 0.8089210111666781, 0.015949116805078083], [47, 0.8144289922586833, 0.010889391430940544], [52, 0.8299088853874084, 0.027505617830876083], [57, 0.8295677193943961, 0.021960316617425], [62, 0.8351629330227672, 0.027873302745610062], [67, 0.854197437829691, 0.03427293118748034], [72, 0.8873535658011921, 0.029378280946675925], [77, 0.9069064419629604, 0.027962311314375293], [82, 0.9436208353314608, 0.02043651783125309], [87, 0.968745175949396, 0.0012003962587953383], [92, 0.9693352515357037, 0.0002642365247474186], [97, 0.9695882715626499, 0.00020655781221791953], [102, 0.969961407595168, 0.0002271467174316555], [107, 0.9708757507250348, 0.0001652444207337664], [112, 0.9710588933799182, 4.6767498703146095e-05], [117, 0.9711004544312758, 2.6984143153891022e-05]]}}