{"scanette_100043-steps": {"best_nb_of_clusters": 8, "usage_coverage_by_clusters": [[2, 0.8354486745802325, 0.06318863041405262], [3, 0.8866757432247315, 0.04043607572213646], [4, 0.8900081633109495, 0.0557672028390608], [5, 0.9309418559790662, 0.017240913161011392], [6, 0.9359955045876689, 0.016220348768462085], [7, 0.939697398363983, 0.01470492210946392], [8, 0.9532995431900654, 0.014139346986864133], [9, 0.9581693495630392, 0.012834501641408891], [10, 0.958997646058966, 0.011381330140662149], [11, 0.9664447662553327, 0.01138984064030718], [12, 0.9682396882286174, 0.010819751832892943], [13, 0.970180543363396, 0.009428562452604388], [14, 0.9712222042057825, 0.008785651675107994], [15, 0.9741488630073414, 0.007693529906583907], [16, 0.975669251715134, 0.007640321652716663], [17, 0.9799086939261612, 0.005700335877697632], [18, 0.9796025138524678, 0.0058709513630350405], [19, 0.9810593852915029, 0.006248022755947065]], "time": 49368.71948432922}, "spree_5000_session_wo_responses_agilkia": {"best_nb_of_clusters": 9, "usage_coverage_by_clusters": [[2, 0.7580129293062444, 0.07758173431163827], [3, 0.8422265979007728, 0.05549519533969019], [4, 0.8677948227850187, 0.05360716570801703], [5, 0.8979344966413463, 0.04683460644898871], [6, 0.9239177885064289, 0.03812387156743933], [7, 0.9387597422926724, 0.036672375816842996], [8, 0.9396454052628977, 0.042701225862083914], [9, 0.9598883378097074, 0.03212524114284262], [10, 0.9647533600268033, 0.03460652401020811], [11, 0.9660668325396695, 0.028405687390890392], [12, 0.9819549396650683, 0.008988518249981219], [13, 0.9818433873244465, 0.010627932241910979], [14, 0.978672466729281, 0.02089548656618996], [15, 0.9853462736245449, 0.00925410747973466], [16, 0.9844462752722899, 0.008994389516779161], [17, 0.9865454475550209, 0.010739006815636826], [18, 0.9854317366683694, 0.017347259322893955], [19, 0.9905250814260684, 0.0076416473153457015]], "time": 41548.48401975632}, "teaming_execution": {"usage_coverage_by_clusters": [[2, 0.07476650453289489, 0.028183665365975125], [7, 0.638280011874586, 0.05667376461134642], [12, 0.718503802151127, 0.049316699437170604], [17, 0.7205297892260967, 0.04856023403015152], [22, 0.7416989792423101, 0.041108808344086194], [27, 0.7562983261400744, 0.039685273216516055], [32, 0.7547308807745884, 0.037687817215202875], [37, 0.7489050261469252, 0.04137640716025621], [42, 0.7507264049690576, 0.041072427719004385], [47, 0.7602141992646891, 0.03411104454424503], [52, 0.7545792514443607, 0.042454216026444905], [57, 0.756301523144025, 0.038471734678441664], [62, 0.7486858030188852, 0.04132975117368541], [67, 0.7610043159553332, 0.03558344433443858], [72, 0.7591929848599027, 0.03973462362436291], [77, 0.7568756137105798, 0.04406314486842952], [82, 0.7479007101915919, 0.04084310604542845], [87, 0.765435820145692, 0.036670217728223986], [92, 0.7524820168527779, 0.03927326126683132], [97, 0.747446735630609, 0.041794447306302426], [102, 0.7549592381996301, 0.0394780097080152], [107, 0.7597835171610605, 0.03892760833434119], [112, 0.7622255714644561, 0.039458246237915794], [117, 0.7349382293165262, 0.04598616829163087]], "time": 140565.39643526077}}