{"1026-steps": {"best_nb_of_clusters": 7, "usage_coverage_by_clusters": [[2, 0.8548689138576779, 0.06500542624374048], [3, 0.8916800428036383, 0.01866084835868212], [4, 0.9074638844301766, 0.023821861393540106], [5, 0.9331995719636169, 0.01451928169333865], [6, 0.9487158908507223, 0.007908956371605547], [7, 0.9567950775815944, 0.01146868871090111], [8, 0.9592295345104334, 0.010524979091189011], [9, 0.9654360620652755, 0.004614368754059073], [10, 0.9682718031032638, 0.006420793447850558], [11, 0.9721508828250401, 0.004620654600373291], [12, 0.9733012306046014, 0.007806490986698368], [13, 0.9687265917602996, 0.012396471202881431], [14, 0.9741840556447299, 0.00495900221630078], [15, 0.9774745853397538, 0.0054793928280697885], [16, 0.9767522739432852, 0.00427748327662054], [17, 0.9799357945425361, 0.007263186265131886], [18, 0.97964151952916, 0.005702203245209853], [19, 0.9836008560727661, 0.0029307004518139136]]}, "teaming_execution_small": {"usage_coverage_by_clusters": [[2, 0.1266745511235351, 0.055867192682931784], [12, 0.5781528867863671, 0.06779705059649255], [22, 0.6329749489302225, 0.07329659465612504], [32, 0.6345016664874745, 0.06010693567808806], [42, 0.6398774325341361, 0.08011787736069154], [52, 0.6166111170841845, 0.05427112533949332], [62, 0.6064401677239006, 0.058877513003629346], [72, 0.6199763466293947, 0.07368924022330713], [82, 0.6263842597570154, 0.05780839293655779], [92, 0.6226212235243522, 0.059332202109836876], [102, 0.6298139984947855, 0.06864088580122643], [112, 0.5823459843027632, 0.06717648109311647]]}}