{"1026-steps": {"best_nb_of_clusters": 7, "usage_coverage_by_clusters": [[2, 0.8392990904226859, 0.017680377051879016], [3, 0.8754146602461209, 0.02717227233814011], [4, 0.9121455323702515, 0.017293459330589823], [5, 0.9248796147672552, 0.019161385595437466], [6, 0.9459604066345639, 0.008142736733198855], [7, 0.9567683253076511, 0.00521833183370157], [8, 0.9580524344569288, 0.0015175350373592097], [9, 0.9565275548421616, 0.0032009704112355253], [10, 0.959470304975923, 0.008411972623637127], [11, 0.9642857142857143, 0.004127621477094023], [12, 0.9661048689138577, 0.005708614602076604], [13, 0.9630818619582664, 0.004355867573326131], [14, 0.9698769395398609, 0.0044268524643550555], [15, 0.9723381487426431, 0.0058763054354088965], [16, 0.9693953986088818, 0.004396208954221983], [17, 0.9712680577849118, 0.005362628087394711], [18, 0.9710272873194221, 0.005178329374280908], [19, 0.980390583199572, 0.005444816210685824]]}, "teaming_execution_small": {"usage_coverage_by_clusters": [[2, 0.03301795505859585, 0.03665984989345349], [12, 0.36876679926889583, 0.0351284161636885], [22, 0.42457800236533705, 0.05370837196188889], [32, 0.5688313084614558, 0.08333825398970764], [42, 0.6873131921298785, 0.046275630246453564], [52, 0.7278894742500807, 0.055159759510880695], [62, 0.7762068594774756, 0.06311922127793869], [72, 0.8121599827975486, 0.060712167960077966], [82, 0.8173852273949038, 0.06563066968773475], [92, 0.8102247070207504, 0.059017162004190354], [102, 0.8220943984517793, 0.06376733291783451], [112, 0.825642404042576, 0.06404368491164474]]}}