{"scanette_100043-steps": {"best_nb_of_clusters": 7, "usage_coverage_by_clusters": [[2, 0.8649334913809974, 0.018055551314838655], [3, 0.8765821447142561, 0.020466218477425486], [4, 0.9086619997875303, 0.016378507052941665], [5, 0.931184742436357, 0.01426449393674387], [6, 0.9446703084725103, 0.013142322088810783], [7, 0.9539659153811315, 0.011738520073989775], [8, 0.9593903236808704, 0.012467183157064462], [9, 0.9626928861777253, 0.00918079009641104], [10, 0.9720088454506315, 0.006180275340500771], [11, 0.9733429876599813, 0.005935453229427034], [12, 0.976658969298123, 0.005112313474580772], [13, 0.9777983103064596, 0.004971398718532684], [14, 0.9789651046413455, 0.004787353582554097], [15, 0.9791809291637079, 0.004924214134260943], [16, 0.9809265917058524, 0.004907113644997295], [17, 0.981128829347662, 0.003814408405417426], [18, 0.9827763085060582, 0.0036118407558038265], [19, 0.9841359470838529, 0.004702370105595798]], "time": 5281.882471323013}, "spree_5000_session_wo_responses_agilkia": {"best_nb_of_clusters": 6, "usage_coverage_by_clusters": [[2, 0.776733015867785, 0.05348450786231803], [3, 0.8889267137921754, 0.04849855255813708], [4, 0.9217175545266303, 0.03921394094653929], [5, 0.9440682276304877, 0.02214186297702043], [6, 0.9613576320804978, 0.02079686767464484], [7, 0.9676669028434587, 0.020431738471754952], [8, 0.9725759747785157, 0.013369540653963691], [9, 0.9821547012912829, 0.01005907523842958], [10, 0.987449400495422, 0.00574064033632051], [11, 0.9856084298637315, 0.005927122653689326], [12, 0.9882550379805236, 0.0057939739382713434], [13, 0.9911114589684017, 0.004723083833081103], [14, 0.9907570839306409, 0.005272607432035086], [15, 0.9927287756704949, 0.0036799707136131944], [16, 0.9930356956505023, 0.004548156096328387], [17, 0.9938318311390861, 0.0045709260059179245], [18, 0.9947244695634024, 0.002426208423264051], [19, 0.9949258240098425, 0.0022926160655801324]], "time": 9876.889429569244}, "teaming_execution": {"best_nb_of_clusters": 92, "usage_coverage_by_clusters": [[2, 0.07235779041355529, 0.03793732997823925], [7, 0.17507159005275055, 0.04272153765680922], [12, 0.27470210773903314, 0.07016058140008952], [17, 0.3066310429083602, 0.03856491257513864], [22, 0.3364467584663515, 0.04752095779503084], [27, 0.35269712954716725, 0.03801134822547038], [32, 0.3607467287798863, 0.03860430047569553], [37, 0.37481263273275334, 0.07226850519022647], [42, 0.4074293804663059, 0.1076871927086707], [47, 0.42868808659313556, 0.12801392643551346], [52, 0.422646662556233, 0.11786349018184929], [57, 0.4555949852709461, 0.15111954410891254], [62, 0.4576853691397776, 0.15038581751577185], [67, 0.5850023977529629, 0.19236737292568334], [72, 0.7436729008243703, 0.13206570867174822], [77, 0.8184713753967711, 0.06619595200990197], [82, 0.8774944623324428, 0.04322428096738739], [87, 0.94942522436117, 0.01285314820799666], [92, 0.9574259551049302, 0.010701390572144153], [97, 0.9621031718846338, 0.009158367724861555], [102, 0.9651544837980407, 0.008024412039467873], [107, 0.9676180036993903, 0.007195947278472657], [112, 0.9700500102760842, 0.005479090976826275], [117, 0.9700194103811285, 0.004467489151407477]], "time": 6632.982778072357}}